index,mid,display_name
0,/m/01b_21,Cough
1,/m/01b_22,Throat clearing
2,/m/01b_23,Sneeze
3,/m/01b_24,Sniff
4,/m/01b_25,Burp
5,/m/01b_26,Belch
6,/m/01b_27,Silence
7,/m/01b_28,Speech
8,/m/01b_29,Music
9,/m/01b_2a,Noise
10,/m/01b_2b,Animal
11,/m/01b_2c,Vehicle
12,/m/01b_2d,Engine
13,/m/01b_2e,Machine
14,/m/01b_2f,Nature
15,/m/01b_30,Water
16,/m/01b_31,Wind
17,/m/01b_32,Fire
18,/m/01b_33,Explosion
19,/m/01b_34,Gunshot
20,/m/01b_35,Glass
21,/m/01b_36,Wood
22,/m/01b_37,Metal
23,/m/01b_38,Plastic
24,/m/01b_39,Paper
25,/m/01b_3a,Cloth
26,/m/01b_3b,Stone
27,/m/01b_3c,Footsteps
28,/m/01b_3d,Knock
29,/m/01b_3e,Door
30,/m/01b_3f,Phone
31,/m/01b_40,Clock
32,/m/01b_41,Alarm
33,/m/01b_42,Bell
34,/m/01b_43,Whistle
35,/m/01b_44,Siren
36,/m/01b_45,Horn
37,/m/01b_46,Brake
38,/m/01b_47,Tire
39,/m/01b_48,Skid
40,/m/01b_49,Crash
41,/m/01b_4a,Bang
42,/m/01b_4b,Pop
43,/m/01b_4c,Click
44,/m/01b_4d,Snap
45,/m/01b_4e,Crack
46,/m/01b_4f,Rip
47,/m/01b_50,Tear
48,/m/01b_51,Scratch
49,/m/01b_52,Scrape
50,/m/01b_53,Rub
51,/m/01b_54,Roll
52,/m/01b_55,Bounce
53,/m/01b_56,Shake
54,/m/01b_57,Vibrate
55,/m/01b_58,Rattle
56,/m/01b_59,Buzz
57,/m/01b_5a,Ring
58,/m/01b_5b,Hum
59,/m/01b_5c,Whir
60,/m/01b_5d,Clatter
61,/m/01b_5e,Clank
62,/m/01b_5f,Clink
63,/m/01b_60,Clunk
64,/m/01b_61,Thud
65,/m/01b_62,Thump
66,/m/01b_63,Thwack
67,/m/01b_64,Whack
68,/m/01b_65,Slap
69,/m/01b_66,Smack
70,/m/01b_67,Snap
71,/m/01b_68,Crack
72,/m/01b_69,Pop
73,/m/01b_6a,Bang
74,/m/01b_6b,Boom
75,/m/01b_6c,Crash
76,/m/01b_6d,Slam
77,/m/01b_6e,Clap
78,/m/01b_6f,Slap
79,/m/01b_70,Snap
80,/m/01b_71,Crack
81,/m/01b_72,Pop
82,/m/01b_73,Bang
83,/m/01b_74,Boom
84,/m/01b_75,Crash
85,/m/01b_76,Slam
86,/m/01b_77,Clap
87,/m/01b_78,Slap
88,/m/01b_79,Snap
89,/m/01b_7a,Crack
90,/m/01b_7b,Pop
91,/m/01b_7c,Bang
92,/m/01b_7d,Boom
93,/m/01b_7e,Crash
94,/m/01b_7f,Slam
95,/m/01b_80,Clap
96,/m/01b_81,Slap
97,/m/01b_82,Snap
98,/m/01b_83,Crack
99,/m/01b_84,Pop
100,/m/01b_85,Bang 